id,subject,statement,status,evidence_or_validation,claim_boundary
B001,Terpedia terpene CID corpus,"The 2026-09-04 GCP snapshot contains 226,050 PubChem CID assay-lookup rows; 29,254 rows have one or more linked PubChem BioAssay records.",supported,GCP table counts from terpedia_core.terpene_pubchem_bioassay_lookup_20260904,"A linked assay record is coverage metadata, not evidence that the terpene was active or that the assay endpoint was relevant."
B002,Terpedia terpene identity map,"48,708 distinct Terpedia IDs joined to at least one PubChem CID, and 6,454 have at least one joined CID with a nonzero assay count in the GCP snapshot.",supported,GCP join using terpene_pubchem_lookup_20260904 and terpene_pubchem_bioassay_lookup_20260904,"The join does not establish exact stereochemical identity across every record or biological activity."
B003,β-caryophyllene,"β-caryophyllene has direct CB2 binding/agonism and CB2-dependent mouse analgesia reported in the local evidence map.",bounded,PMID 18574142 retained in claims/data/receptor-hypothesis-map.csv,"Supports the measured CB2 mechanism and endpoint only; not every anti-inflammatory, analgesic, anxiolytic, or clinical claim."
B004,β-myrcene and nerolidol,"β-myrcene and nerolidol were active in an inducible human-cell TRPV1 screening assay reported in the local evidence map.",bounded,PMID 31446830 retained in claims/data/receptor-hypothesis-map.csv,"The result is assay-specific; formulation, potency, selectivity, cytotoxicity, and analgesic translation remain unresolved."
B005,linalool,"Linalool has reported GABAA-relevant activity in in-vitro/preclinical systems.",bounded,PMID 28680877 retained in claims/data/receptor-hypothesis-map.csv,"Does not establish a specific human anxiolytic or sedative effect, dose, exposure, or clinical efficacy."
B006,assay-negative Terpedia IDs,"A zero assay count in the GCP snapshot is an evidence-coverage gap, not a biological inactivity result.",supported,Defined by the lookup table semantics and review protocol,"Do not use database absence as a negative bioassay finding."
B007,β-caryophyllene and terpinolene,"A PubChem BioAssay record reports MIC values of 6.25 and 50 μg/mL respectively against *Cutibacterium acnes* ATCC 11827.",bounded,PubChem AID 332912; PMID 8158169; DOI 10.1021/np50103a002,"These are endpoint- and organism-specific observations; they do not establish broad antimicrobial efficacy, selectivity, or clinical relevance."
B008,β-myrcene,"A PubChem BioAssay record reports 6.7% activity for β-myrcene in an inhalation assay against *Psoroptes ovis*.",bounded,PubChem AID 338300; PMID 7595592; DOI 10.1021/np50122a018,"Percent activity in this assay is not comparable with MIC or receptor potency and does not establish a mechanism or human effect."
B009,d-limonene,"A PubChem BioAssay record marks d-limonene as Active in a Salmonella mutagenicity summary without a quantitative endpoint in the returned row.",context-limited,PubChem AID 1189; PubChem result row for CID 440917,"Retain as a context-limited assay flag; do not promote to a general activity, safety, or efficacy claim."
